{
    "accuracy": 0.7844792596801689,
    "precision": 0.7844792596801689,
    "recall": 0.7844792596801689,
    "f1_score": 0.7844792596801689
}