{
    "accuracy": 0.7770922964526341,
    "precision": 0.7770922964526341,
    "recall": 0.7770922964526341,
    "f1_score": 0.7770922964526341
}